หมวด,รายการวัสดุ / ค่าแรง,% เผื่อสูญเสีย,ปริมาณ (ตามแบบ),ปริมาณ (รวมเผื่อ),หน่วย,ค่าวัสดุ/หน่วย,ค่าแรง/หน่วย,รวมค่าวัสดุ,รวมค่าแรง,รวมเป็นเงิน
1,เสาเข็มไอ 0.15 x 0.15 ยาว 6 ม. (2 ท่อนต่อ),0%,,"=IF(ISNUMBER(D2), D2*(1+C2), 0)",ต้น,800.00,650.00,"=IF(ISNUMBER(E2), E2*G2, 0)","=IF(ISNUMBER(E2), E2*H2, 0)","=IF(ISNUMBER(E2), I2+J2, 0)"
1,เสาเข็มไอ 0.18 x 0.18 ยาว 6 ม. (ท่อนเดียว),0%,,"=IF(ISNUMBER(D3), D3*(1+C3), 0)",ต้น,950.00,700.00,"=IF(ISNUMBER(E3), E3*G3, 0)","=IF(ISNUMBER(E3), E3*H3, 0)","=IF(ISNUMBER(E3), I3+J3, 0)"
1,เสาเข็มไอ 0.18 x 0.18 ยาว 12 ม. (2 ท่อนต่อ),0%,,"=IF(ISNUMBER(D4), D4*(1+C4), 0)",ต้น,2500.00,1200.00,"=IF(ISNUMBER(E4), E4*G4, 0)","=IF(ISNUMBER(E4), E4*H4, 0)","=IF(ISNUMBER(E4), I4+J4, 0)"
1,เสาเข็มไอ 0.22 x 0.22 ยาว 6 ม. (ท่อนเดียว),0%,,"=IF(ISNUMBER(D5), D5*(1+C5), 0)",ต้น,1500.00,850.00,"=IF(ISNUMBER(E5), E5*G5, 0)","=IF(ISNUMBER(E5), E5*H5, 0)","=IF(ISNUMBER(E5), I5+J5, 0)"
1,เสาเข็มไอ 0.22 x 0.22 ยาว 7 ม. (ท่อนเดียว),0%,,"=IF(ISNUMBER(D6), D6*(1+C6), 0)",ต้น,1650.00,850.00,"=IF(ISNUMBER(E6), E6*G6, 0)","=IF(ISNUMBER(E6), E6*H6, 0)","=IF(ISNUMBER(E6), I6+J6, 0)"
1,เสาเข็มไอ 0.22 x 0.22 ยาว 8 ม. (ท่อนเดียว),0%,,"=IF(ISNUMBER(D7), D7*(1+C7), 0)",ต้น,1850.00,850.00,"=IF(ISNUMBER(E7), E7*G7, 0)","=IF(ISNUMBER(E7), E7*H7, 0)","=IF(ISNUMBER(E7), I7+J7, 0)"
1,เสาเข็มไอ 0.22 x 0.22 ยาว 12 ม. (2 ท่อนต่อ),0%,,"=IF(ISNUMBER(D8), D8*(1+C8), 0)",ต้น,3600.00,1500.00,"=IF(ISNUMBER(E8), E8*G8, 0)","=IF(ISNUMBER(E8), E8*H8, 0)","=IF(ISNUMBER(E8), I8+J8, 0)"
1,เสาตอม่อ คสล.(ตามแบบ),0%,,"=IF(ISNUMBER(D9), D9*(1+C9), 0)",ต้น,550.00,250.00,"=IF(ISNUMBER(E9), E9*G9, 0)","=IF(ISNUMBER(E9), E9*H9, 0)","=IF(ISNUMBER(E9), I9+J9, 0)"
1,ฐานรากเข็ม 0.60x0.60 ม.ลึกตามแบบ,0%,,"=IF(ISNUMBER(D10), D10*(1+C10), 0)",ต้น,1250.00,850.00,"=IF(ISNUMBER(E10), E10*G10, 0)","=IF(ISNUMBER(E10), E10*H10, 0)","=IF(ISNUMBER(E10), I10+J10, 0)"
1,ฐานรากแผ่ 1.00x1.00 ม.ลึก1.10,0%,,"=IF(ISNUMBER(D11), D11*(1+C11), 0)",ต้น,1750.00,1500.00,"=IF(ISNUMBER(E11), E11*G11, 0)","=IF(ISNUMBER(E11), E11*H11, 0)","=IF(ISNUMBER(E11), I11+J11, 0)"
1,ฐานรากแผ่ 1.00x1.00 ม.ลึก1.50,0%,,"=IF(ISNUMBER(D12), D12*(1+C12), 0)",ต้น,2250.00,1500.00,"=IF(ISNUMBER(E12), E12*G12, 0)","=IF(ISNUMBER(E12), E12*H12, 0)","=IF(ISNUMBER(E12), I12+J12, 0)"
1,ฐานรากแผ่ 1.20x1.20 ม.ลึก1.10,0%,,"=IF(ISNUMBER(D13), D13*(1+C13), 0)",ต้น,2750.00,1500.00,"=IF(ISNUMBER(E13), E13*G13, 0)","=IF(ISNUMBER(E13), E13*H13, 0)","=IF(ISNUMBER(E13), I13+J13, 0)"
1,ฐานรากแผ่ 1.20x1.20 ม.ลึก1.50,0%,,"=IF(ISNUMBER(D14), D14*(1+C14), 0)",ต้น,4500.00,1500.00,"=IF(ISNUMBER(E14), E14*G14, 0)","=IF(ISNUMBER(E14), E14*H14, 0)","=IF(ISNUMBER(E14), I14+J14, 0)"
1,ฐานรากแผ่ 1.35x1.35 ม.ลึก1.10,0%,,"=IF(ISNUMBER(D15), D15*(1+C15), 0)",ต้น,3750.00,1500.00,"=IF(ISNUMBER(E15), E15*G15, 0)","=IF(ISNUMBER(E15), E15*H15, 0)","=IF(ISNUMBER(E15), I15+J15, 0)"
1,ฐานรากแผ่ 1.35x1.35 ม.ลึก1.50,0%,,"=IF(ISNUMBER(D16), D16*(1+C16), 0)",ต้น,4750.00,1500.00,"=IF(ISNUMBER(E16), E16*G16, 0)","=IF(ISNUMBER(E16), E16*H16, 0)","=IF(ISNUMBER(E16), I16+J16, 0)"
1,ฐานรากแผ่ 1.50x1.50 ม.ลึก1.10,0%,,"=IF(ISNUMBER(D17), D17*(1+C17), 0)",ต้น,5500.00,1500.00,"=IF(ISNUMBER(E17), E17*G17, 0)","=IF(ISNUMBER(E17), E17*H17, 0)","=IF(ISNUMBER(E17), I17+J17, 0)"
1,ฐานรากแผ่ 1.50x1.50 ม.ลึก1.50,0%,,"=IF(ISNUMBER(D18), D18*(1+C18), 0)",ต้น,6500.00,1500.00,"=IF(ISNUMBER(E18), E18*G18, 0)","=IF(ISNUMBER(E18), E18*H18, 0)","=IF(ISNUMBER(E18), I18+J18, 0)"
1,ค่าแรงสกัดหัวเข็ม (มี Dowel),0%,,"=IF(ISNUMBER(D19), D19*(1+C19), 0)",ต้น,0.00,300.00,"=IF(ISNUMBER(E19), E19*G19, 0)","=IF(ISNUMBER(E19), E19*H19, 0)","=IF(ISNUMBER(E19), I19+J19, 0)"
1,ค่าแรงขุดหลุมฐานราก (กรณีแยกจากค่าเหมาฐาน),0%,,"=IF(ISNUMBER(D20), D20*(1+C20), 0)",ต้น,0.00,600.00,"=IF(ISNUMBER(E20), E20*G20, 0)","=IF(ISNUMBER(E20), E20*H20, 0)","=IF(ISNUMBER(E20), I20+J20, 0)"
1,ดินขุด / ดินถม (งานฐานราก/ปรับระดับ),0%,,"=IF(ISNUMBER(D21), D21*(1+C21), 0)",ตร.ม.,350.00,50.00,"=IF(ISNUMBER(E21), E21*G21, 0)","=IF(ISNUMBER(E21), E21*H21, 0)","=IF(ISNUMBER(E21), I21+J21, 0)"
1,ทรายหยาบอัดแน่น (หนา 5-10 ซม.),0%,,"=IF(ISNUMBER(D22), D22*(1+C22), 0)",ตร.ม.,120.00,150.00,"=IF(ISNUMBER(E22), E22*G22, 0)","=IF(ISNUMBER(E22), E22*H22, 0)","=IF(ISNUMBER(E22), I22+J22, 0)"
1,คอนกรีตหยาบ (Lean 1:3:6 หนา 5 ซม.),5%,,"=IF(ISNUMBER(D23), D23*(1+C23), 0)",ตร.ม.,150.00,200.00,"=IF(ISNUMBER(E23), E23*G23, 0)","=IF(ISNUMBER(E23), E23*H23, 0)","=IF(ISNUMBER(E23), I23+J23, 0)"
1,แบบหล่อคอนกรีต (ไม้แบบ/เหล็กแบบ + ค่าแรง),5%,,"=IF(ISNUMBER(D24), D24*(1+C24), 0)",ตร.ม.,350.00,200.00,"=IF(ISNUMBER(E24), E24*G24, 0)","=IF(ISNUMBER(E24), E24*H24, 0)","=IF(ISNUMBER(E24), I24+J24, 0)"
1,คอนกรีต 240 ksc. (หนา 10 ซม. สำหรับพื้น),5%,,"=IF(ISNUMBER(D25), D25*(1+C25), 0)",ตร.ม.,350.00,200.00,"=IF(ISNUMBER(E25), E25*G25, 0)","=IF(ISNUMBER(E25), E25*H25, 0)","=IF(ISNUMBER(E25), I25+J25, 0)"
1,คอนกรีต 240 ksc. (กรณีสั่งเป็นคิว/Ready Mix),5%,,"=IF(ISNUMBER(D26), D26*(1+C26), 0)",ลบ.ม.,2250.00,300.00,"=IF(ISNUMBER(E26), E26*G26, 0)","=IF(ISNUMBER(E26), E26*H26, 0)","=IF(ISNUMBER(E26), I26+J26, 0)"
1, เหล็กเส้น DB 20 mm. (ข้ออ้อย SD40),10%,,"=IF(ISNUMBER(D27), D27*(1+C27), 0)",กก.,25.00,0.00,"=IF(ISNUMBER(E27), E27*G27, 0)","=IF(ISNUMBER(E27), E27*H27, 0)","=IF(ISNUMBER(E27), I27+J27, 0)"
1, เหล็กเส้น DB 16 mm. (ข้ออ้อย SD40),10%,,"=IF(ISNUMBER(D28), D28*(1+C28), 0)",กก.,25.00,0.00,"=IF(ISNUMBER(E28), E28*G28, 0)","=IF(ISNUMBER(E28), E28*H28, 0)","=IF(ISNUMBER(E28), I28+J28, 0)"
1, เหล็กเส้น DB 12 mm. (ข้ออ้อย SD40),10%,,"=IF(ISNUMBER(D29), D29*(1+C29), 0)",กก.,25.00,0.00,"=IF(ISNUMBER(E29), E29*G29, 0)","=IF(ISNUMBER(E29), E29*H29, 0)","=IF(ISNUMBER(E29), I29+J29, 0)"
1, เหล็กเส้น RB 9 mm. (เหล็กกลม SR24),10%,,"=IF(ISNUMBER(D30), D30*(1+C30), 0)",กก.,25.00,0.00,"=IF(ISNUMBER(E30), E30*G30, 0)","=IF(ISNUMBER(E30), E30*H30, 0)","=IF(ISNUMBER(E30), I30+J30, 0)"
1, เหล็กเส้น RB 6 mm. (เหล็กกลม SR24),10%,,"=IF(ISNUMBER(D31), D31*(1+C31), 0)",กก.,25.00,0.00,"=IF(ISNUMBER(E31), E31*G31, 0)","=IF(ISNUMBER(E31), E31*H31, 0)","=IF(ISNUMBER(E31), I31+J31, 0)"
1,ปลอก RB 9 mm. (เหล็กกลม SR24) @0.15m.,0%,,"=IF(ISNUMBER(D32), D32*(1+C32), 0)",กก.,25.00,0.00,"=IF(ISNUMBER(E32), E32*G32, 0)","=IF(ISNUMBER(E32), E32*H32, 0)","=IF(ISNUMBER(E32), I32+J32, 0)"
1,ปลอก RB 6 mm. (เหล็กกลม SR24) @0.15m.,0%,,"=IF(ISNUMBER(D33), D33*(1+C33), 0)",กก.,25.00,0.00,"=IF(ISNUMBER(E33), E33*G33, 0)","=IF(ISNUMBER(E33), E33*H33, 0)","=IF(ISNUMBER(E33), I33+J33, 0)"
1,ปลอก RB 9 mm. (เหล็กกลม SR24) @0.20m.,0%,,"=IF(ISNUMBER(D34), D34*(1+C34), 0)",กก.,25.00,0.00,"=IF(ISNUMBER(E34), E34*G34, 0)","=IF(ISNUMBER(E34), E34*H34, 0)","=IF(ISNUMBER(E34), I34+J34, 0)"
1,ปลอก RB 6 mm. (เหล็กกลม SR24) @0.20m.,0%,,"=IF(ISNUMBER(D35), D35*(1+C35), 0)",กก.,25.00,0.00,"=IF(ISNUMBER(E35), E35*G35, 0)","=IF(ISNUMBER(E35), E35*H35, 0)","=IF(ISNUMBER(E35), I35+J35, 0)"
1,ลวดผูกเหล็ก (เบอร์ 18),10%,,"=IF(ISNUMBER(D36), D36*(1+C36), 0)",กก.,55.00,0.00,"=IF(ISNUMBER(E36), E36*G36, 0)","=IF(ISNUMBER(E36), E36*H36, 0)","=IF(ISNUMBER(E36), I36+J36, 0)"
1,"ตะปู ขนาดต่างๆ (1"", 3"", 4"")",0%,,"=IF(ISNUMBER(D37), D37*(1+C37), 0)",กก.,35.00,0.00,"=IF(ISNUMBER(E37), E37*G37, 0)","=IF(ISNUMBER(E37), E37*H37, 0)","=IF(ISNUMBER(E37), I37+J37, 0)"
1,งานแผ่นพื้นสำเร็จรูป (รวมค่าแรงวาง),5%,,"=IF(ISNUMBER(D38), D38*(1+C38), 0)",ตร.ม.,310.00,180.00,"=IF(ISNUMBER(E38), E38*G38, 0)","=IF(ISNUMBER(E38), E38*H38, 0)","=IF(ISNUMBER(E38), I38+J38, 0)"
1,ตะแกรงเหล็ก Wiremesh (หนา 4 มม. @20),10%,,"=IF(ISNUMBER(D39), D39*(1+C39), 0)",ตร.ม.,65.00,0.00,"=IF(ISNUMBER(E39), E39*G39, 0)","=IF(ISNUMBER(E39), E39*H39, 0)","=IF(ISNUMBER(E39), I39+J39, 0)"
1,"วัสดุสิ้นเปลือง (ลวดเชื่อม, ใบตัด)",0%,,"=IF(ISNUMBER(D40), D40*(1+C40), 0)",ตร.ม.,0.00,45.00,"=IF(ISNUMBER(E40), E40*G40, 0)","=IF(ISNUMBER(E40), E40*H40, 0)","=IF(ISNUMBER(E40), I40+J40, 0)"
2,ค่าแรงประกอบโครงหลังคาเหล็ก (สำหรับซีแพค),5%,,"=IF(ISNUMBER(D41), D41*(1+C41), 0)",ตร.ม,0.00,450.00,"=IF(ISNUMBER(E41), E41*G41, 0)","=IF(ISNUMBER(E41), E41*H41, 0)","=IF(ISNUMBER(E41), I41+J41, 0)"
2,ค่าแรงมุงกระเบื้องซีแพค (แบบลอน),5%,,"=IF(ISNUMBER(D42), D42*(1+C42), 0)",ตร.ม,0.00,150.00,"=IF(ISNUMBER(E42), E42*G42, 0)","=IF(ISNUMBER(E42), E42*H42, 0)","=IF(ISNUMBER(E42), I42+J42, 0)"
2,ค่าแรงมุงกระเบื้องซีแพค (แบบเรียบ),5%,,"=IF(ISNUMBER(D43), D43*(1+C43), 0)",ตร.ม,0.00,185.00,"=IF(ISNUMBER(E43), E43*G43, 0)","=IF(ISNUMBER(E43), E43*H43, 0)","=IF(ISNUMBER(E43), I43+J43, 0)"
2,ค่าแรงประกอบโครงเหล็ก + มุงเมทัลชีท (เบ็ดเสร็จ),0%,,"=IF(ISNUMBER(D44), D44*(1+C44), 0)",ตร.ม,0.00,350.00,"=IF(ISNUMBER(E44), E44*G44, 0)","=IF(ISNUMBER(E44), E44*H44, 0)","=IF(ISNUMBER(E44), I44+J44, 0)"
2,เหล็กกล่อง 100x100x1.6 มม.4.90กก.(เสาโครงสร้างเบา / เพิงพัก),0%,,"=IF(ISNUMBER(D45), D45*(1+C45), 0)",ท่อน,650.00,0.00,"=IF(ISNUMBER(E45), E45*G45, 0)","=IF(ISNUMBER(E45), E45*H45, 0)","=IF(ISNUMBER(E45), I45+J45, 0)"
2,เหล็กกล่อง 100x100x2.3 มม.6.94กก.(เสาโครงสร้างมาตรฐาน),0%,,"=IF(ISNUMBER(D46), D46*(1+C46), 0)",ท่อน,880.00,0.00,"=IF(ISNUMBER(E46), E46*G46, 0)","=IF(ISNUMBER(E46), E46*H46, 0)","=IF(ISNUMBER(E46), I46+J46, 0)"
2,เหล็กกล่อง 100x100x3.2 มม.9.53กก.เสาโครงสร้างหนัก / รับน้ำหนักมาก),0%,,"=IF(ISNUMBER(D47), D47*(1+C47), 0)",ท่อน,1250.00,0.00,"=IF(ISNUMBER(E47), E47*G47, 0)","=IF(ISNUMBER(E47), E47*H47, 0)","=IF(ISNUMBER(E47), I47+J47, 0)"
2,เหล็กกล่อง 100x50x1.6 มม.3.55กก.(เอ็นทับหลัง / โครงตกแต่ง),0%,,"=IF(ISNUMBER(D48), D48*(1+C48), 0)",ท่อน,490.00,0.00,"=IF(ISNUMBER(E48), E48*G48, 0)","=IF(ISNUMBER(E48), E48*H48, 0)","=IF(ISNUMBER(E48), I48+J48, 0)"
2,เหล็กกล่อง 100x50x2.0มม.4.41กก.(คานรอง / โครงสร้างทั่วไป),0%,,"=IF(ISNUMBER(D49), D49*(1+C49), 0)",ท่อน,590.00,0.00,"=IF(ISNUMBER(E49), E49*G49, 0)","=IF(ISNUMBER(E49), E49*H49, 0)","=IF(ISNUMBER(E49), I49+J49, 0)"
2,"เหล็กC 150x50x20x2.3 มม.4.96กก.(อเส, อกไก่)",0%,,"=IF(ISNUMBER(D50), D50*(1+C50), 0)",ท่อน,720.00,0.00,"=IF(ISNUMBER(E50), E50*G50, 0)","=IF(ISNUMBER(E50), E50*H50, 0)","=IF(ISNUMBER(E50), I50+J50, 0)"
2,"เหล็กC 150x50x20x3.2 มม.6.76กก.(อเส, อกไก่)",0%,,"=IF(ISNUMBER(D51), D51*(1+C51), 0)",ท่อน,980.00,0.00,"=IF(ISNUMBER(E51), E51*G51, 0)","=IF(ISNUMBER(E51), E51*H51, 0)","=IF(ISNUMBER(E51), I51+J51, 0)"
2,"เหล็กC 125x50x20x2.3 มม.4.51กก.(อเส, ดั้ง)",0%,,"=IF(ISNUMBER(D52), D52*(1+C52), 0)",ท่อน,650.00,0.00,"=IF(ISNUMBER(E52), E52*G52, 0)","=IF(ISNUMBER(E52), E52*H52, 0)","=IF(ISNUMBER(E52), I52+J52, 0)"
2,"เหล็กC 125x50x20x3.2 มม.6.13กก.(อเส, ดั้ง)",0%,,"=IF(ISNUMBER(D53), D53*(1+C53), 0)",ท่อน,890.00,0.00,"=IF(ISNUMBER(E53), E53*G53, 0)","=IF(ISNUMBER(E53), E53*H53, 0)","=IF(ISNUMBER(E53), I53+J53, 0)"
2,เหล็กC 100x50x20x1.6มม.2.88กก.(จันทัน),0%,,"=IF(ISNUMBER(D54), D54*(1+C54), 0)",ท่อน,420.00,0.00,"=IF(ISNUMBER(E54), E54*G54, 0)","=IF(ISNUMBER(E54), E54*H54, 0)","=IF(ISNUMBER(E54), I54+J54, 0)"
2,"เหล็กC 100x50x20x2.3มม.4.06กก.(อเส, ดั้ง, อกไก่)",0%,,"=IF(ISNUMBER(D55), D55*(1+C55), 0)",ท่อน,590.00,0.00,"=IF(ISNUMBER(E55), E55*G55, 0)","=IF(ISNUMBER(E55), E55*H55, 0)","=IF(ISNUMBER(E55), I55+J55, 0)"
2,"เหล็กC 100x50x20x3.2มม.5.50กก.(อเส, ดั้ง, อกไก่)",0%,,"=IF(ISNUMBER(D56), D56*(1+C56), 0)",ท่อน,790.00,0.00,"=IF(ISNUMBER(E56), E56*G56, 0)","=IF(ISNUMBER(E56), E56*H56, 0)","=IF(ISNUMBER(E56), I56+J56, 0)"
2,เหล็กC 100x50x20x1.6มม.2.88กก.(แป),0%,,"=IF(ISNUMBER(D57), D57*(1+C57), 0)",ท่อน,420.00,0.00,"=IF(ISNUMBER(E57), E57*G57, 0)","=IF(ISNUMBER(E57), E57*H57, 0)","=IF(ISNUMBER(E57), I57+J57, 0)"
2,"เหล็กC 100x50x20x2.3มม.4.06กก.(จันทัน, สะพานเหล็ก)",0%,,"=IF(ISNUMBER(D58), D58*(1+C58), 0)",ท่อน,590.00,0.00,"=IF(ISNUMBER(E58), E58*G58, 0)","=IF(ISNUMBER(E58), E58*H58, 0)","=IF(ISNUMBER(E58), I58+J58, 0)"
2,เหล็กC 100x50x20x1.6มม.2.88กก.(จันทัน),0%,,"=IF(ISNUMBER(D59), D59*(1+C59), 0)",ท่อน,420.00,0.00,"=IF(ISNUMBER(E59), E59*G59, 0)","=IF(ISNUMBER(E59), E59*H59, 0)","=IF(ISNUMBER(E59), I59+J59, 0)"
2,"เหล็กC 100x50x20x2.3มม.4.06กก.(จันทัน, สะพานเหล็ก)",0%,,"=IF(ISNUMBER(D60), D60*(1+C60), 0)",ท่อน,590.00,0.00,"=IF(ISNUMBER(E60), E60*G60, 0)","=IF(ISNUMBER(E60), E60*H60, 0)","=IF(ISNUMBER(E60), I60+J60, 0)"
2,เหล็กC 75x45x15x1.6มม.2.32กก.(จันทัน),0%,,"=IF(ISNUMBER(D61), D61*(1+C61), 0)",ท่อน,350.00,0.00,"=IF(ISNUMBER(E61), E61*G61, 0)","=IF(ISNUMBER(E61), E61*H61, 0)","=IF(ISNUMBER(E61), I61+J61, 0)"
2,"เหล็กC 75x45x15x2.3มม.3.25กก.(สะพานเหล็ก, จันทัน)",0%,,"=IF(ISNUMBER(D62), D62*(1+C62), 0)",ท่อน,480.00,0.00,"=IF(ISNUMBER(E62), E62*G62, 0)","=IF(ISNUMBER(E62), E62*H62, 0)","=IF(ISNUMBER(E62), I62+J62, 0)"
2,แปสำเร็จรูปสำหรับหลังคากระเบื้อง (ซีแพค / ลอนคู่),5%,,"=IF(ISNUMBER(D63), D63*(1+C63), 0)",ท่อน,45.00,0.00,"=IF(ISNUMBER(E63), E63*G63, 0)","=IF(ISNUMBER(E63), E63*H63, 0)","=IF(ISNUMBER(E63), I63+J63, 0)"
2,แปสำเร็จรูปสำหรับหลังคาเมทัลชีท,5%,,"=IF(ISNUMBER(D64), D64*(1+C64), 0)",ท่อน,35.00,0.00,"=IF(ISNUMBER(E64), E64*G64, 0)","=IF(ISNUMBER(E64), E64*H64, 0)","=IF(ISNUMBER(E64), I64+J64, 0)"
2,แป๊บโปร่งกัลวาไนซ์ 32 x32x1.2 มม. (1.1/4 x 1.1/4 นิ้ว),0%,,"=IF(ISNUMBER(D65), D65*(1+C65), 0)",ท่อน,186.00,0.00,"=IF(ISNUMBER(E65), E65*G65, 0)","=IF(ISNUMBER(E65), E65*H65, 0)","=IF(ISNUMBER(E65), I65+J65, 0)"
2,รางน้ำตะเข้ กัลวาไนซ์ (Galvanized Steel),0%,,"=IF(ISNUMBER(D66), D66*(1+C66), 0)",เมตร,110.00,80.00,"=IF(ISNUMBER(E66), E66*G66, 0)","=IF(ISNUMBER(E66), E66*H66, 0)","=IF(ISNUMBER(E66), I66+J66, 0)"
2,รางน้ำตะเข้ สแตนเลส (Stainless Steel),0%,,"=IF(ISNUMBER(D67), D67*(1+C67), 0)",เมตร,325.00,105.00,"=IF(ISNUMBER(E67), E67*G67, 0)","=IF(ISNUMBER(E67), E67*H67, 0)","=IF(ISNUMBER(E67), I67+J67, 0)"
2,"วัสดุสิ้นเปลือง ลวดเชื่อม,ใบตัด โครงสร้างหลังคา",5%,,"=IF(ISNUMBER(D68), D68*(1+C68), 0)",ตร.ม,0.00,250.00,"=IF(ISNUMBER(E68), E68*G68, 0)","=IF(ISNUMBER(E68), E68*H68, 0)","=IF(ISNUMBER(E68), I68+J68, 0)"
2,ทาสีเหล็กโครงสร้าง (เหล็กรูปพรรณ),5%,,"=IF(ISNUMBER(D69), D69*(1+C69), 0)",ตร.ม,0.00,180.00,"=IF(ISNUMBER(E69), E69*G69, 0)","=IF(ISNUMBER(E69), E69*H69, 0)","=IF(ISNUMBER(E69), I69+J69, 0)"
3,แผ่นกระเบื้องซีแพค (สีมาตรฐาน),5%,,"=IF(ISNUMBER(D70), D70*(1+C70), 0)",แผ่น,17.00,3.00,"=IF(ISNUMBER(E70), E70*G70, 0)","=IF(ISNUMBER(E70), E70*H70, 0)","=IF(ISNUMBER(E70), I70+J70, 0)"
3,ครอบเส้นโค้ง (ครอบสันลอน),0%,,"=IF(ISNUMBER(D71), D71*(1+C71), 0)",แผ่น,65.00,5.00,"=IF(ISNUMBER(E71), E71*G71, 0)","=IF(ISNUMBER(E71), E71*H71, 0)","=IF(ISNUMBER(E71), I71+J71, 0)"
3,ครอบโค้งปิดจั่ว,0%,,"=IF(ISNUMBER(D72), D72*(1+C72), 0)",แผ่น,75.00,5.00,"=IF(ISNUMBER(E72), E72*G72, 0)","=IF(ISNUMBER(E72), E72*H72, 0)","=IF(ISNUMBER(E72), I72+J72, 0)"
3,ครอบข้าง,0%,,"=IF(ISNUMBER(D73), D73*(1+C73), 0)",แผ่น,70.00,5.00,"=IF(ISNUMBER(E73), E73*G73, 0)","=IF(ISNUMBER(E73), E73*H73, 0)","=IF(ISNUMBER(E73), I73+J73, 0)"
3,ครอบข้างปิดชาย,0%,,"=IF(ISNUMBER(D74), D74*(1+C74), 0)",แผ่น,85.00,5.00,"=IF(ISNUMBER(E74), E74*G74, 0)","=IF(ISNUMBER(E74), E74*H74, 0)","=IF(ISNUMBER(E74), I74+J74, 0)"
3,ครอบโค้งหางมน (ปิดปลายสันตะเข้),0%,,"=IF(ISNUMBER(D75), D75*(1+C75), 0)",แผ่น,90.00,5.00,"=IF(ISNUMBER(E75), E75*G75, 0)","=IF(ISNUMBER(E75), E75*H75, 0)","=IF(ISNUMBER(E75), I75+J75, 0)"
3,ครอบโค้งสองทาง,0%,,"=IF(ISNUMBER(D76), D76*(1+C76), 0)",แผ่น,150.00,5.00,"=IF(ISNUMBER(E76), E76*G76, 0)","=IF(ISNUMBER(E76), E76*H76, 0)","=IF(ISNUMBER(E76), I76+J76, 0)"
3,ครอบโค้งสามทาง,0%,,"=IF(ISNUMBER(D77), D77*(1+C77), 0)",แผ่น,300.00,5.00,"=IF(ISNUMBER(E77), E77*G77, 0)","=IF(ISNUMBER(E77), E77*H77, 0)","=IF(ISNUMBER(E77), I77+J77, 0)"
3,ครอบโค้งสี่ทาง,5%,,"=IF(ISNUMBER(D78), D78*(1+C78), 0)",แผ่น,400.00,5.00,"=IF(ISNUMBER(E78), E78*G78, 0)","=IF(ISNUMBER(E78), E78*H78, 0)","=IF(ISNUMBER(E78), I78+J78, 0)"
3,แผ่นปิดรอยต่อ (กว้าง 30 ซม. x 3 ม.),0%,,"=IF(ISNUMBER(D79), D79*(1+C79), 0)",ม้วน,550.00,300.00,"=IF(ISNUMBER(E79), E79*G79, 0)","=IF(ISNUMBER(E79), E79*H79, 0)","=IF(ISNUMBER(E79), I79+J79, 0)"
3,แผ่นสะท้อนความร้อน (กว้าง 1.25 ม. x 60 ม.),0%,,"=IF(ISNUMBER(D80), D80*(1+C80), 0)",ม้วน,2200.00,300.00,"=IF(ISNUMBER(E80), E80*G80, 0)","=IF(ISNUMBER(E80), E80*H80, 0)","=IF(ISNUMBER(E80), I80+J80, 0)"
3,สกรูเกลียวยึดแป (กล่อง 250 ตัว),0%,,"=IF(ISNUMBER(D81), D81*(1+C81), 0)",กล่อง,250.00,0.00,"=IF(ISNUMBER(E81), E81*G81, 0)","=IF(ISNUMBER(E81), E81*H81, 0)","=IF(ISNUMBER(E81), I81+J81, 0)"
3,สกรูยึดกระเบื้อง 2.5 นิ้ว (กล่อง 250 ตัว),5%,,"=IF(ISNUMBER(D82), D82*(1+C82), 0)",กล่อง,325.00,0.00,"=IF(ISNUMBER(E82), E82*G82, 0)","=IF(ISNUMBER(E82), E82*H82, 0)","=IF(ISNUMBER(E82), I82+J82, 0)"
3,แผ่นปิดกันนก (แพ็ก 10-20 แผ่น),0%,,"=IF(ISNUMBER(D83), D83*(1+C83), 0)",เมตร,250.00,85.00,"=IF(ISNUMBER(E83), E83*G83, 0)","=IF(ISNUMBER(E83), E83*H83, 0)","=IF(ISNUMBER(E83), I83+J83, 0)"
3,ไม้เชิงชาย 8 นิ้ว (หน้ากว้าง 20 ซม.),5%,,"=IF(ISNUMBER(D84), D84*(1+C84), 0)",เมตร,85.00,25.00,"=IF(ISNUMBER(E84), E84*G84, 0)","=IF(ISNUMBER(E84), E84*H84, 0)","=IF(ISNUMBER(E84), I84+J84, 0)"
3,ไม้เชิงชาย 6 นิ้ว (หน้ากว้าง 15 ซม.),5%,,"=IF(ISNUMBER(D85), D85*(1+C85), 0)",เมตร,60.00,25.00,"=IF(ISNUMBER(E85), E85*G85, 0)","=IF(ISNUMBER(E85), E85*H85, 0)","=IF(ISNUMBER(E85), I85+J85, 0)"
3,แผ่นหลังคาเมทัสชีล(0.47)+ ฉนวน PE,5%,,"=IF(ISNUMBER(D86), D86*(1+C86), 0)",ตร.ม,195.00,150.00,"=IF(ISNUMBER(E86), E86*G86, 0)","=IF(ISNUMBER(E86), E86*H86, 0)","=IF(ISNUMBER(E86), I86+J86, 0)"
3,สกรูยิงเมทัลชีท 2 นิ้ว (กล่อง 100 ตัว),0%,,"=IF(ISNUMBER(D87), D87*(1+C87), 0)",กล่อง,190.00,0.00,"=IF(ISNUMBER(E87), E87*G87, 0)","=IF(ISNUMBER(E87), E87*H87, 0)","=IF(ISNUMBER(E87), I87+J87, 0)"
3,ครอบข้างเมทัลชีท (หน้ากว้างมาตรฐาน),0%,,"=IF(ISNUMBER(D88), D88*(1+C88), 0)",เมตร,120.00,0.00,"=IF(ISNUMBER(E88), E88*G88, 0)","=IF(ISNUMBER(E88), E88*H88, 0)","=IF(ISNUMBER(E88), I88+J88, 0)"
3,เชิงชาย SCG Fascia Board_One Piece,0%,,"=IF(ISNUMBER(D89), D89*(1+C89), 0)",เมตร,65.00,65.00,"=IF(ISNUMBER(E89), E89*G89, 0)","=IF(ISNUMBER(E89), E89*H89, 0)","=IF(ISNUMBER(E89), I89+J89, 0)"
3,ไม้ตกแต่งซีเฟรม ขนาด 22.3 x 300 x 1.2 ซม. สีซีเมนต์,5%,,"=IF(ISNUMBER(D90), D90*(1+C90), 0)",เมตร,210.00,35.00,"=IF(ISNUMBER(E90), E90*G90, 0)","=IF(ISNUMBER(E90), E90*H90, 0)","=IF(ISNUMBER(E90), I90+J90, 0)"
3,ไม้ตกแต่งซีเฟรม ขนาด 305 x 300 x 1.2 ซม. สีซีเมนต์,5%,,"=IF(ISNUMBER(D91), D91*(1+C91), 0)",เมตร,275.00,35.00,"=IF(ISNUMBER(E91), E91*G91, 0)","=IF(ISNUMBER(E91), E91*H91, 0)","=IF(ISNUMBER(E91), I91+J91, 0)"
4,ผนังก่ออิฐมวลเบา(7.5 ซม.)พร้อมเสาเอ็นทับหลัง+งานฉาบ,5%,,"=IF(ISNUMBER(D92), D92*(1+C92), 0)",ตร.ม,450.00,280.00,"=IF(ISNUMBER(E92), E92*G92, 0)","=IF(ISNUMBER(E92), E92*H92, 0)","=IF(ISNUMBER(E92), I92+J92, 0)"
4,ผนังก่ออิฐมวลเบา(17.5 ซม.)พร้อมเสาเอ็นทับหลัง+งานฉาบ,5%,,"=IF(ISNUMBER(D93), D93*(1+C93), 0)",ตร.ม,550.00,500.00,"=IF(ISNUMBER(E93), E93*G93, 0)","=IF(ISNUMBER(E93), E93*H93, 0)","=IF(ISNUMBER(E93), I93+J93, 0)"
4,อิฐมวลเบา ขนาด 7.5 ซม.,5%,,"=IF(ISNUMBER(D94), D94*(1+C94), 0)",ก้อน,24.00,0.00,"=IF(ISNUMBER(E94), E94*G94, 0)","=IF(ISNUMBER(E94), E94*H94, 0)","=IF(ISNUMBER(E94), I94+J94, 0)"
4,ผนังก่ออิฐมอญ(7.5 ซม.)พร้อมเสาเอ็นทับหลัง+งานฉาบ,5%,,"=IF(ISNUMBER(D95), D95*(1+C95), 0)",ตร.ม,450.00,320.00,"=IF(ISNUMBER(E95), E95*G95, 0)","=IF(ISNUMBER(E95), E95*H95, 0)","=IF(ISNUMBER(E95), I95+J95, 0)"
4,ผนังก่ออิฐมอญ(17.5 ซม.)พร้อมเสาเอ็นทับหลัง+งานฉาบ,5%,,"=IF(ISNUMBER(D96), D96*(1+C96), 0)",ตร.ม,600.00,600.00,"=IF(ISNUMBER(E96), E96*G96, 0)","=IF(ISNUMBER(E96), E96*H96, 0)","=IF(ISNUMBER(E96), I96+J96, 0)"
4,อิฐมอญ 2 รู (ขนาดทั่วไป 3x6x14 ซม.),5%,,"=IF(ISNUMBER(D97), D97*(1+C97), 0)",ก้อน,1.50,0.00,"=IF(ISNUMBER(E97), E97*G97, 0)","=IF(ISNUMBER(E97), E97*H97, 0)","=IF(ISNUMBER(E97), I97+J97, 0)"
4,ผนังก่ออิฐบล็อก(7.5 ซม.)พร้อมเสาเอ็นทับหลัง+งานฉาบ,5%,,"=IF(ISNUMBER(D98), D98*(1+C98), 0)",ตร.ม,420.00,250.00,"=IF(ISNUMBER(E98), E98*G98, 0)","=IF(ISNUMBER(E98), E98*H98, 0)","=IF(ISNUMBER(E98), I98+J98, 0)"
4,ผนังก่ออิฐบล็อก(17.5 ซม.)พร้อมเสาเอ็นทับหลัง+งานฉาบ,5%,,"=IF(ISNUMBER(D99), D99*(1+C99), 0)",ตร.ม,500.00,450.00,"=IF(ISNUMBER(E99), E99*G99, 0)","=IF(ISNUMBER(E99), E99*H99, 0)","=IF(ISNUMBER(E99), I99+J99, 0)"
4,อิฐบล็อก (TAN-BRICK) ขนาด 30 x 7 x 15 ซม.,5%,,"=IF(ISNUMBER(D100), D100*(1+C100), 0)",ก้อน,8.50,0.00,"=IF(ISNUMBER(E100), E100*G100, 0)","=IF(ISNUMBER(E100), E100*H100, 0)","=IF(ISNUMBER(E100), I100+J100, 0)"
4,ปูนเสือ (SCG) ก่อ/ฉาบ ทั้วไป หนา 1.25 ซม.,5%,,"=IF(ISNUMBER(D101), D101*(1+C101), 0)",ถุง,165.00,0.00,"=IF(ISNUMBER(E101), E101*G101, 0)","=IF(ISNUMBER(E101), E101*H101, 0)","=IF(ISNUMBER(E101), I101+J101, 0)"
4,งานติดตั้งบัวผนัง รอบบ้านปูนปั้น(ตามแบบ),5%,,"=IF(ISNUMBER(D102), D102*(1+C102), 0)",เมตร,185.00,80.00,"=IF(ISNUMBER(E102), E102*G102, 0)","=IF(ISNUMBER(E102), E102*H102, 0)","=IF(ISNUMBER(E102), I102+J102, 0)"
4,"ผนังปูกระเบื้อง 6""x12""สูงชนฝ้า(ห้องน้ำ) ผิวมัน",5%,,"=IF(ISNUMBER(D103), D103*(1+C103), 0)",ตร.ม,200.00,280.00,"=IF(ISNUMBER(E103), E103*G103, 0)","=IF(ISNUMBER(E103), E103*H103, 0)","=IF(ISNUMBER(E103), I103+J103, 0)"
4,"ผนังปูกระเบื้อง 6""x12""(ห้องครัว) ผิวมัน",5%,,"=IF(ISNUMBER(D104), D104*(1+C104), 0)",ตร.ม,200.00,280.00,"=IF(ISNUMBER(E104), E104*G104, 0)","=IF(ISNUMBER(E104), E104*H104, 0)","=IF(ISNUMBER(E104), I104+J104, 0)"
4,ปูนกาวผนัง ( กระเบื้องขนาดเล็ก-กลาง) กระสอบ (20 กก.),5%,,"=IF(ISNUMBER(D105), D105*(1+C105), 0)",กระสอบ,210.00,0.00,"=IF(ISNUMBER(E105), E105*G105, 0)","=IF(ISNUMBER(E105), E105*H105, 0)","=IF(ISNUMBER(E105), I105+J105, 0)"
4,ค่าแรง งานตัดเข้ามุม (เจียร 45 องศา),0%,,"=IF(ISNUMBER(D106), D106*(1+C106), 0)",ตร.ม,0.00,100.00,"=IF(ISNUMBER(E106), E106*G106, 0)","=IF(ISNUMBER(E106), E106*H106, 0)","=IF(ISNUMBER(E106), I106+J106, 0)"
4,ผนังปูหินติดผนัง หินเทียม,0%,,"=IF(ISNUMBER(D107), D107*(1+C107), 0)",ตร.ม,1200.00,180.00,"=IF(ISNUMBER(E107), E107*G107, 0)","=IF(ISNUMBER(E107), E107*H107, 0)","=IF(ISNUMBER(E107), I107+J107, 0)"
4,"ผนังกรุไม้ฝา 4""พร้อมโครงคร่าว C-Line",0%,,"=IF(ISNUMBER(D108), D108*(1+C108), 0)",ตร.ม,180.00,80.00,"=IF(ISNUMBER(E108), E108*G108, 0)","=IF(ISNUMBER(E108), E108*H108, 0)","=IF(ISNUMBER(E108), I108+J108, 0)"
4,ผนังไม้เทียม Wpc เหมือนไม้จริง,0%,,"=IF(ISNUMBER(D109), D109*(1+C109), 0)",ตร.ม,1500.00,180.00,"=IF(ISNUMBER(E109), E109*G109, 0)","=IF(ISNUMBER(E109), E109*H109, 0)","=IF(ISNUMBER(E109), I109+J109, 0)"
4,กระจกเทมเปอร์ สีใส 7มม.,0%,,"=IF(ISNUMBER(D110), D110*(1+C110), 0)",ตร.ฟ,200.00,3.00,"=IF(ISNUMBER(E110), E110*G110, 0)","=IF(ISNUMBER(E110), E110*H110, 0)","=IF(ISNUMBER(E110), I110+J110, 0)"
5,"กระเบื้องแกรนิตโต้ 24""x24""ผิวมัน ห้องโถง ห้องพระ",5%,,"=IF(ISNUMBER(D111), D111*(1+C111), 0)",ตร.ม,650.00,220.00,"=IF(ISNUMBER(E111), E111*G111, 0)","=IF(ISNUMBER(E111), E111*H111, 0)","=IF(ISNUMBER(E111), I111+J111, 0)"
5,"กระเบื้องแกรนิตโต้ 24""x24""ผิวมัน ห้องนอน",5%,,"=IF(ISNUMBER(D112), D112*(1+C112), 0)",ตร.ม,650.00,220.00,"=IF(ISNUMBER(E112), E112*G112, 0)","=IF(ISNUMBER(E112), E112*H112, 0)","=IF(ISNUMBER(E112), I112+J112, 0)"
5,พื้นไม้ลามิเนตพร้อมตัวจบ ห้องนอน,5%,,"=IF(ISNUMBER(D113), D113*(1+C113), 0)",ตร.ม,600.00,250.00,"=IF(ISNUMBER(E113), E113*G113, 0)","=IF(ISNUMBER(E113), E113*H113, 0)","=IF(ISNUMBER(E113), I113+J113, 0)"
5,"กระเบื้องเซรามิค12""x12""ผิวด้าน ห้องน้ำ",5%,,"=IF(ISNUMBER(D114), D114*(1+C114), 0)",ตร.ม,185.00,250.00,"=IF(ISNUMBER(E114), E114*G114, 0)","=IF(ISNUMBER(E114), E114*H114, 0)","=IF(ISNUMBER(E114), I114+J114, 0)"
5,"กระเบื้องเซรามิค16""x16""ผิวด้าน ครัว ระเบียง ซักล้าง",5%,,"=IF(ISNUMBER(D115), D115*(1+C115), 0)",ตร.ม,195.00,250.00,"=IF(ISNUMBER(E115), E115*G115, 0)","=IF(ISNUMBER(E115), E115*H115, 0)","=IF(ISNUMBER(E115), I115+J115, 0)"
5,ปูนกาวพื้น (กระเบื้องแกรนิตโต้ / งานภายนอก) กระสอบ (20 กก.),5%,,"=IF(ISNUMBER(D116), D116*(1+C116), 0)",กระสอบ,195.00,160.00,"=IF(ISNUMBER(E116), E116*G116, 0)","=IF(ISNUMBER(E116), E116*H116, 0)","=IF(ISNUMBER(E116), I116+J116, 0)"
5,บัวพื้น MDF/WPC,5%,,"=IF(ISNUMBER(D117), D117*(1+C117), 0)",เมตร,150.00,200.00,"=IF(ISNUMBER(E117), E117*G117, 0)","=IF(ISNUMBER(E117), E117*H117, 0)","=IF(ISNUMBER(E117), I117+J117, 0)"
5,พื้นคอนกรีตขัดมันหรือขัดหยาบ,5%,,"=IF(ISNUMBER(D118), D118*(1+C118), 0)",ตร.ม,150.00,75.00,"=IF(ISNUMBER(E118), E118*G118, 0)","=IF(ISNUMBER(E118), E118*H118, 0)","=IF(ISNUMBER(E118), I118+J118, 0)"
5,ติดตั้งจมูกบันได อลูมิเนียม,0%,,"=IF(ISNUMBER(D119), D119*(1+C119), 0)",เมตร,100.00,15.00,"=IF(ISNUMBER(E119), E119*G119, 0)","=IF(ISNUMBER(E119), E119*H119, 0)","=IF(ISNUMBER(E119), I119+J119, 0)"
6,งานฝ้าเพดานยิปซั่มบอร์ด หนา 9 มม. ฉาบเรียบ โครงคร่าว C-Line,0%,,"=IF(ISNUMBER(D120), D120*(1+C120), 0)",ตร.ม.,220.00,150.00,"=IF(ISNUMBER(E120), E120*G120, 0)","=IF(ISNUMBER(E120), E120*H120, 0)","=IF(ISNUMBER(E120), I120+J120, 0)"
6,งานฝ้าเพดานยิปซั่มบอร์ด ชนิดทนชื้น (ห้องน้ำ),0%,,"=IF(ISNUMBER(D121), D121*(1+C121), 0)",ตร.ม.,260.00,150.00,"=IF(ISNUMBER(E121), E121*G121, 0)","=IF(ISNUMBER(E121), E121*H121, 0)","=IF(ISNUMBER(E121), I121+J121, 0)"
6,งานฝ้าชายคา สมาร์ทบอร์ด เซาะร่อง มีรูระบายอากาศ,0%,,"=IF(ISNUMBER(D122), D122*(1+C122), 0)",ตร.ม.,180.00,120.00,"=IF(ISNUMBER(E122), E122*G122, 0)","=IF(ISNUMBER(E122), E122*H122, 0)","=IF(ISNUMBER(E122), I122+J122, 0)"
6,สีทาฝ้าสีภายใน TOA 4 Seasons (ทา 2 รอบ),5%,,"=IF(ISNUMBER(D123), D123*(1+C123), 0)",ตร.ม.,16.00,20.00,"=IF(ISNUMBER(E123), E123*G123, 0)","=IF(ISNUMBER(E123), E123*H123, 0)","=IF(ISNUMBER(E123), I123+J123, 0)"
6,งานฝ้าชายคา WPC (Wood Plastic Composite),0%,,"=IF(ISNUMBER(D124), D124*(1+C124), 0)",ตร.ม.,1000.00,300.00,"=IF(ISNUMBER(E124), E124*G124, 0)","=IF(ISNUMBER(E124), E124*H124, 0)","=IF(ISNUMBER(E124), I124+J124, 0)"
7,สีรองพื้นปูนใหม่ TOA 4 Seasons (ทา 1 รอบ),5%,,"=IF(ISNUMBER(D125), D125*(1+C125), 0)",ตร.ม.,16.00,65.00,"=IF(ISNUMBER(E125), E125*G125, 0)","=IF(ISNUMBER(E125), E125*H125, 0)","=IF(ISNUMBER(E125), I125+J125, 0)"
7,สีรองพื้นปูนใหม่ TOA Shield-1 Nano (ทา 1 รอบ),5%,,"=IF(ISNUMBER(D126), D126*(1+C126), 0)",ตร.ม.,19.00,65.00,"=IF(ISNUMBER(E126), E126*G126, 0)","=IF(ISNUMBER(E126), E126*H126, 0)","=IF(ISNUMBER(E126), I126+J126, 0)"
7,สีรองพื้นปูนใหม่ TOA SuperShield (ทา 1 รอบ),5%,,"=IF(ISNUMBER(D127), D127*(1+C127), 0)",ตร.ม.,24.00,65.00,"=IF(ISNUMBER(E127), E127*G127, 0)","=IF(ISNUMBER(E127), E127*H127, 0)","=IF(ISNUMBER(E127), I127+J127, 0)"
7,สีทาภายนอก TOA 4 Seasons (ทา 2 รอบ),5%,,"=IF(ISNUMBER(D128), D128*(1+C128), 0)",ตร.ม.,23.00,90.00,"=IF(ISNUMBER(E128), E128*G128, 0)","=IF(ISNUMBER(E128), E128*H128, 0)","=IF(ISNUMBER(E128), I128+J128, 0)"
7,สีทาภายนอก TOA SuperShield Duraclean (ทา 2 รอบ),5%,,"=IF(ISNUMBER(D129), D129*(1+C129), 0)",ตร.ม.,33.00,90.00,"=IF(ISNUMBER(E129), E129*G129, 0)","=IF(ISNUMBER(E129), E129*H129, 0)","=IF(ISNUMBER(E129), I129+J129, 0)"
7,สีทาภายใน TOA 4 Seasons (ทา 2 รอบ),5%,,"=IF(ISNUMBER(D130), D130*(1+C130), 0)",ตร.ม.,16.00,70.00,"=IF(ISNUMBER(E130), E130*G130, 0)","=IF(ISNUMBER(E130), E130*H130, 0)","=IF(ISNUMBER(E130), I130+J130, 0)"
7,สีทาภายใน TOA SuperShield Duraclean (ทา 2 รอบ),5%,,"=IF(ISNUMBER(D131), D131*(1+C131), 0)",ตร.ม.,28.00,70.00,"=IF(ISNUMBER(E131), E131*G131, 0)","=IF(ISNUMBER(E131), E131*H131, 0)","=IF(ISNUMBER(E131), I131+J131, 0)"
7,ค่าแรงงานลอกสีเก่า + ทารองพื้นปูนเก่า:,5%,,"=IF(ISNUMBER(D132), D132*(1+C132), 0)",ตร.ม.,0.00,150.00,"=IF(ISNUMBER(E132), E132*G132, 0)","=IF(ISNUMBER(E132), E132*H132, 0)","=IF(ISNUMBER(E132), I132+J132, 0)"
7,สีน้ำมันทาวงกบไม้ (รวมรองพื้นกันเชื้อรา),5%,,"=IF(ISNUMBER(D133), D133*(1+C133), 0)",เหมา/วงกบ,1500.00,500.00,"=IF(ISNUMBER(E133), E133*G133, 0)","=IF(ISNUMBER(E133), E133*H133, 0)","=IF(ISNUMBER(E133), I133+J133, 0)"
8,ประตูบาน เลื่อนสไลด์ อลูมิเนียม S4 (270x205 ซม.)+พร้อมอุปกรณ์,0%,,"=IF(ISNUMBER(D134), D134*(1+C134), 0)",ชุด,21300.00,1000.00,"=IF(ISNUMBER(E134), E134*G134, 0)","=IF(ISNUMBER(E134), E134*H134, 0)","=IF(ISNUMBER(E134), I134+J134, 0)"
8,ประตูบาน เลื่อนสไลด์ อลูมิเนียม S3 (160x205 ซม.)+พร้อมอุปกรณ์,0%,,"=IF(ISNUMBER(D135), D135*(1+C135), 0)",ชุด,10900.00,1000.00,"=IF(ISNUMBER(E135), E135*G135, 0)","=IF(ISNUMBER(E135), E135*H135, 0)","=IF(ISNUMBER(E135), I135+J135, 0)"
8,ประตูบาน เลื่อนสไลด์ อลูมิเนียม S2 (160x205 ซม.)+พร้อมอุปกรณ์,0%,,"=IF(ISNUMBER(D136), D136*(1+C136), 0)",ชุด,9200.00,1000.00,"=IF(ISNUMBER(E136), E136*G136, 0)","=IF(ISNUMBER(E136), E136*H136, 0)","=IF(ISNUMBER(E136), I136+J136, 0)"
8,ประตูภายนอก เลื่อนสไลด์ (บานเดี่ยว) (100x245 ซม.)+พร้อมอุปกรณ์,0%,,"=IF(ISNUMBER(D137), D137*(1+C137), 0)",ชุด,25900.00,2000.00,"=IF(ISNUMBER(E137), E137*G137, 0)","=IF(ISNUMBER(E137), E137*H137, 0)","=IF(ISNUMBER(E137), I137+J137, 0)"
8,ประตูภายนอก เลื่อนสไลด์ (บานคู่) (240x245 ซม.)+พร้อมอุปกรณ์,0%,,"=IF(ISNUMBER(D138), D138*(1+C138), 0)",ชุด,48900.00,2000.00,"=IF(ISNUMBER(E138), E138*G138, 0)","=IF(ISNUMBER(E138), E138*H138, 0)","=IF(ISNUMBER(E138), I138+J138, 0)"
8,ประตูภายนอก ไม้เนื้อแข็ง (บานคู่) (180x205 ซม.)+พร้อมอุปกรณ์,0%,,"=IF(ISNUMBER(D139), D139*(1+C139), 0)",ชุด,25300.00,2000.00,"=IF(ISNUMBER(E139), E139*G139, 0)","=IF(ISNUMBER(E139), E139*H139, 0)","=IF(ISNUMBER(E139), I139+J139, 0)"
8,ประตูภายใน ไม้เนื้อแข็ง (บานเดี่ยว) (80x200 ซม.)+พร้อมอุปกรณ์,0%,,"=IF(ISNUMBER(D140), D140*(1+C140), 0)",ชุด,4900.00,500.00,"=IF(ISNUMBER(E140), E140*G140, 0)","=IF(ISNUMBER(E140), E140*H140, 0)","=IF(ISNUMBER(E140), I140+J140, 0)"
8,ประตูภายใน WPC (บานเดี่ยว) (80x200 ซม.)+พร้อมอุปกรณ์,0%,,"=IF(ISNUMBER(D141), D141*(1+C141), 0)",ชุด,3700.00,500.00,"=IF(ISNUMBER(E141), E141*G141, 0)","=IF(ISNUMBER(E141), E141*H141, 0)","=IF(ISNUMBER(E141), I141+J141, 0)"
8,ประตูภายใน PVC (บานเดี่ยว) (80x200 ซม.)+พร้อมอุปกรณ์,0%,,"=IF(ISNUMBER(D142), D142*(1+C142), 0)",ชุด,3700.00,500.00,"=IF(ISNUMBER(E142), E142*G142, 0)","=IF(ISNUMBER(E142), E142*H142, 0)","=IF(ISNUMBER(E142), I142+J142, 0)"
8,ประตูภายนอก ไม้เนื้อแข็ง(90x200 ซม.)+พร้อมอุปกรณ์,0%,,"=IF(ISNUMBER(D143), D143*(1+C143), 0)",ชุด,6300.00,500.00,"=IF(ISNUMBER(E143), E143*G143, 0)","=IF(ISNUMBER(E143), E143*H143, 0)","=IF(ISNUMBER(E143), I143+J143, 0)"
8,ประตูภายนอก PVC (90x200 ซม.)+พร้อมอุปกรณ์,0%,,"=IF(ISNUMBER(D144), D144*(1+C144), 0)",ชุด,6300.00,500.00,"=IF(ISNUMBER(E144), E144*G144, 0)","=IF(ISNUMBER(E144), E144*H144, 0)","=IF(ISNUMBER(E144), I144+J144, 0)"
8,ประตูห้องน้ำเกร็ด ไม้เนื้อแข็ง(80X200 ซม.)+พร้อมอุปกรณ์,0%,,"=IF(ISNUMBER(D145), D145*(1+C145), 0)",ชุด,2500.00,500.00,"=IF(ISNUMBER(E145), E145*G145, 0)","=IF(ISNUMBER(E145), E145*H145, 0)","=IF(ISNUMBER(E145), I145+J145, 0)"
8,ประตูห้องน้ำ UPVC (บานทึบ/เกล็ด) (70X1.85 ซม.)+พร้อมอุปกรณ์,0%,,"=IF(ISNUMBER(D146), D146*(1+C146), 0)",ชุด,2100.00,500.00,"=IF(ISNUMBER(E146), E146*G146, 0)","=IF(ISNUMBER(E146), E146*H146, 0)","=IF(ISNUMBER(E146), I146+J146, 0)"
8,ประตูห้องน้ำ PVC (บานทึบ/เกล็ด) (70X1.85 ซม.)+พร้อมอุปกรณ์,0%,,"=IF(ISNUMBER(D147), D147*(1+C147), 0)",ชุด,2100.00,500.00,"=IF(ISNUMBER(E147), E147*G147, 0)","=IF(ISNUMBER(E147), E147*H147, 0)","=IF(ISNUMBER(E147), I147+J147, 0)"
9,หน้าต่างบานเลื่อนอลูมิเนียม S4 (240x110 ซม.)+พร้อมอุปกรณ์,0%,,"=IF(ISNUMBER(D148), D148*(1+C148), 0)",ชุด,9800.00,300.00,"=IF(ISNUMBER(E148), E148*G148, 0)","=IF(ISNUMBER(E148), E148*H148, 0)","=IF(ISNUMBER(E148), I148+J148, 0)"
9,หน้าต่างบานเลื่อนอลูมิเนียม S4 (240x150 ซม.)+พร้อมอุปกรณ์,0%,,"=IF(ISNUMBER(D149), D149*(1+C149), 0)",ชุด,10900.00,300.00,"=IF(ISNUMBER(E149), E149*G149, 0)","=IF(ISNUMBER(E149), E149*H149, 0)","=IF(ISNUMBER(E149), I149+J149, 0)"
9,หน้าต่างบานเลื่อนอลูมิเนียม S4 (240x180 ซม.)+พร้อมอุปกรณ์,0%,,"=IF(ISNUMBER(D150), D150*(1+C150), 0)",ชุด,14400.00,300.00,"=IF(ISNUMBER(E150), E150*G150, 0)","=IF(ISNUMBER(E150), E150*H150, 0)","=IF(ISNUMBER(E150), I150+J150, 0)"
9,หน้าต่างบานเลื่อนอลูมิเนียม S3 (180x110 ซม.)+พร้อมอุปกรณ์,0%,,"=IF(ISNUMBER(D151), D151*(1+C151), 0)",ชุด,7500.00,300.00,"=IF(ISNUMBER(E151), E151*G151, 0)","=IF(ISNUMBER(E151), E151*H151, 0)","=IF(ISNUMBER(E151), I151+J151, 0)"
9,หน้าต่างบานเลื่อนอลูมิเนียม S3 (180x150 ซม.)+พร้อมอุปกรณ์,0%,,"=IF(ISNUMBER(D152), D152*(1+C152), 0)",ชุด,8600.00,300.00,"=IF(ISNUMBER(E152), E152*G152, 0)","=IF(ISNUMBER(E152), E152*H152, 0)","=IF(ISNUMBER(E152), I152+J152, 0)"
9,หน้าต่างบานเลื่อนอลูมิเนียม S3 (180x180 ซม.)+พร้อมอุปกรณ์,0%,,"=IF(ISNUMBER(D153), D153*(1+C153), 0)",ชุด,13200.00,300.00,"=IF(ISNUMBER(E153), E153*G153, 0)","=IF(ISNUMBER(E153), E153*H153, 0)","=IF(ISNUMBER(E153), I153+J153, 0)"
9,หน้าต่างบานเลื่อนอลูมิเนียม S2 (120x110 ซม.)+พร้อมอุปกรณ์,0%,,"=IF(ISNUMBER(D154), D154*(1+C154), 0)",ชุด,3700.00,300.00,"=IF(ISNUMBER(E154), E154*G154, 0)","=IF(ISNUMBER(E154), E154*H154, 0)","=IF(ISNUMBER(E154), I154+J154, 0)"
9,หน้าต่างบานเลื่อนอลูมิเนียม S2 (120x150 ซม.)+พร้อมอุปกรณ์,0%,,"=IF(ISNUMBER(D155), D155*(1+C155), 0)",ชุด,4300.00,300.00,"=IF(ISNUMBER(E155), E155*G155, 0)","=IF(ISNUMBER(E155), E155*H155, 0)","=IF(ISNUMBER(E155), I155+J155, 0)"
9,หน้าต่างบานเลื่อนอลูมิเนียม S2 (120x180 ซม.)+พร้อมอุปกรณ์,0%,,"=IF(ISNUMBER(D156), D156*(1+C156), 0)",ชุด,4900.00,300.00,"=IF(ISNUMBER(E156), E156*G156, 0)","=IF(ISNUMBER(E156), E156*H156, 0)","=IF(ISNUMBER(E156), I156+J156, 0)"
9,หน้าต่างบานเลื่อนอลูมิเนียม S2 (80x50 ซม.)+พร้อมอุปกรณ์,0%,,"=IF(ISNUMBER(D157), D157*(1+C157), 0)",ชุด,2900.00,300.00,"=IF(ISNUMBER(E157), E157*G157, 0)","=IF(ISNUMBER(E157), E157*H157, 0)","=IF(ISNUMBER(E157), I157+J157, 0)"
9,หน้าต่างบานเปิดข้างอลูมิเนียม A1 (บานเดี่ยว) (W 0.35)+พร้อมอุปกรณ์,0%,,"=IF(ISNUMBER(D158), D158*(1+C158), 0)",ชุด,2600.00,300.00,"=IF(ISNUMBER(E158), E158*G158, 0)","=IF(ISNUMBER(E158), E158*H158, 0)","=IF(ISNUMBER(E158), I158+J158, 0)"
9,หน้าต่างบานเปิดข้างอลูมิเนียม A1 (บานเดี่ยว) (W 0.45)+พร้อมอุปกรณ์,0%,,"=IF(ISNUMBER(D159), D159*(1+C159), 0)",ชุด,3000.00,300.00,"=IF(ISNUMBER(E159), E159*G159, 0)","=IF(ISNUMBER(E159), E159*H159, 0)","=IF(ISNUMBER(E159), I159+J159, 0)"
9,หน้าต่างบานเปิดข้างอลูมิเนียม A1 (บานเดี่ยว) (W 0.60)+พร้อมอุปกรณ์,0%,,"=IF(ISNUMBER(D160), D160*(1+C160), 0)",ชุด,3200.00,300.00,"=IF(ISNUMBER(E160), E160*G160, 0)","=IF(ISNUMBER(E160), E160*H160, 0)","=IF(ISNUMBER(E160), I160+J160, 0)"
9,หน้าต่างบานเปิดข้างอลูมิเนียม A1 (บานเดี่ยว) (W 0.80)+พร้อมอุปกรณ์,0%,,"=IF(ISNUMBER(D161), D161*(1+C161), 0)",ชุด,3700.00,300.00,"=IF(ISNUMBER(E161), E161*G161, 0)","=IF(ISNUMBER(E161), E161*H161, 0)","=IF(ISNUMBER(E161), I161+J161, 0)"
9,หน้าต่างบานเปิดข้างอลูมิเนียม A2 (บานคู่) (W 1.20)+พร้อมอุปกรณ์,0%,,"=IF(ISNUMBER(D162), D162*(1+C162), 0)",ชุด,4800.00,300.00,"=IF(ISNUMBER(E162), E162*G162, 0)","=IF(ISNUMBER(E162), E162*H162, 0)","=IF(ISNUMBER(E162), I162+J162, 0)"
9,หน้าต่างบานเปิดข้างอลูมิเนียม A2 (บานคู่) (W 1.80)+พร้อมอุปกรณ์,0%,,"=IF(ISNUMBER(D163), D163*(1+C163), 0)",ชุด,6600.00,300.00,"=IF(ISNUMBER(E163), E163*G163, 0)","=IF(ISNUMBER(E163), E163*H163, 0)","=IF(ISNUMBER(E163), I163+J163, 0)"
9,หน้าต่างบานติดตายอลูมิเนียม (Fixed) W0.35+พร้อมอุปกรณ์,0%,,"=IF(ISNUMBER(D164), D164*(1+C164), 0)",ชุด,3200.00,300.00,"=IF(ISNUMBER(E164), E164*G164, 0)","=IF(ISNUMBER(E164), E164*H164, 0)","=IF(ISNUMBER(E164), I164+J164, 0)"
9,หน้าต่างบานติดตายอลูมิเนียม (Fixed) W0.45+พร้อมอุปกรณ์,0%,,"=IF(ISNUMBER(D165), D165*(1+C165), 0)",ชุด,4000.00,300.00,"=IF(ISNUMBER(E165), E165*G165, 0)","=IF(ISNUMBER(E165), E165*H165, 0)","=IF(ISNUMBER(E165), I165+J165, 0)"
9,หน้าต่างบานติดตายอลูมิเนียม ตามแบบ+พร้อมอุปกรณ์,0%,,"=IF(ISNUMBER(D166), D166*(1+C166), 0)",ชุด,3500.00,300.00,"=IF(ISNUMBER(E166), E166*G166, 0)","=IF(ISNUMBER(E166), E166*H166, 0)","=IF(ISNUMBER(E166), I166+J166, 0)"
9,หน้าต่างบานกระทุ้งอลูมิเนียม A1 (บานเดี่ยว)(80x50 ซม.)+พร้อมอุปกรณ์,0%,,"=IF(ISNUMBER(D167), D167*(1+C167), 0)",ชุด,1000.00,300.00,"=IF(ISNUMBER(E167), E167*G167, 0)","=IF(ISNUMBER(E167), E167*H167, 0)","=IF(ISNUMBER(E167), I167+J167, 0)"
9,หน้าต่างบานกระทุ้งอลูมิเนียม A2  (บานคู่) (120x50 ซม.)+พร้อมอุปกรณ์,0%,,"=IF(ISNUMBER(D168), D168*(1+C168), 0)",ชุด,2000.00,300.00,"=IF(ISNUMBER(E168), E168*G168, 0)","=IF(ISNUMBER(E168), E168*H168, 0)","=IF(ISNUMBER(E168), I168+J168, 0)"
10,บล็อกปลั๊ก (เต้ารับคู่มีกราวด์),0%,,"=IF(ISNUMBER(D169), D169*(1+C169), 0)",จุด,600.00,150.00,"=IF(ISNUMBER(E169), E169*G169, 0)","=IF(ISNUMBER(E169), E169*H169, 0)","=IF(ISNUMBER(E169), I169+J169, 0)"
10,บล็อกสวิทช์ (สวิทช์ทางเดียว),0%,,"=IF(ISNUMBER(D170), D170*(1+C170), 0)",จุด,500.00,150.00,"=IF(ISNUMBER(E170), E170*G170, 0)","=IF(ISNUMBER(E170), E170*H170, 0)","=IF(ISNUMBER(E170), I170+J170, 0)"
10,บล็อกสวิทช์ (สวิทช์สองทาง),0%,,"=IF(ISNUMBER(D171), D171*(1+C171), 0)",จุด,850.00,150.00,"=IF(ISNUMBER(E171), E171*G171, 0)","=IF(ISNUMBER(E171), E171*H171, 0)","=IF(ISNUMBER(E171), I171+J171, 0)"
10,บล็อกแอร์ (รวมเบรกเกอร์และสาย VAF/THW),0%,,"=IF(ISNUMBER(D172), D172*(1+C172), 0)",จุด,1600.00,250.00,"=IF(ISNUMBER(E172), E172*G172, 0)","=IF(ISNUMBER(E172), E172*H172, 0)","=IF(ISNUMBER(E172), I172+J172, 0)"
10,บล็อกเครื่องทำน้ำอุ่น (รวมเบรกเกอร์กันดูด/สายดิน),0%,,"=IF(ISNUMBER(D173), D173*(1+C173), 0)",จุด,1950.00,350.00,"=IF(ISNUMBER(E173), E173*G173, 0)","=IF(ISNUMBER(E173), E173*H173, 0)","=IF(ISNUMBER(E173), I173+J173, 0)"
10,ไฟระย้า (หรือ แชนเดอเลียร์ - Chandelier),0%,,"=IF(ISNUMBER(D174), D174*(1+C174), 0)",จุด,18500.00,1000.00,"=IF(ISNUMBER(E174), E174*G174, 0)","=IF(ISNUMBER(E174), E174*H174, 0)","=IF(ISNUMBER(E174), I174+J174, 0)"
10,ดาวไลท์ + หลอด LED 12W (ฝังฝ้า),0%,,"=IF(ISNUMBER(D175), D175*(1+C175), 0)",จุด,450.00,200.00,"=IF(ISNUMBER(E175), E175*G175, 0)","=IF(ISNUMBER(E175), E175*H175, 0)","=IF(ISNUMBER(E175), I175+J175, 0)"
10,โคมซาลาเปา + หลอด LED 24W,0%,,"=IF(ISNUMBER(D176), D176*(1+C176), 0)",จุด,750.00,250.00,"=IF(ISNUMBER(E176), E176*G176, 0)","=IF(ISNUMBER(E176), E176*H176, 0)","=IF(ISNUMBER(E176), I176+J176, 0)"
10,ไฟกิ่งหน้าบ้าน (Outdoor Wall Lamp),0%,,"=IF(ISNUMBER(D177), D177*(1+C177), 0)",จุด,1850.00,450.00,"=IF(ISNUMBER(E177), E177*G177, 0)","=IF(ISNUMBER(E177), E177*H177, 0)","=IF(ISNUMBER(E177), I177+J177, 0)"
10,ตู้โหลด (Consumer Unit) พร้อมลูกย่อยครบชุด,0%,,"=IF(ISNUMBER(D178), D178*(1+C178), 0)",ชุด,7500.00,1500.00,"=IF(ISNUMBER(E178), E178*G178, 0)","=IF(ISNUMBER(E178), E178*H178, 0)","=IF(ISNUMBER(E178), I178+J178, 0)"
10,สายเมนเข้ามิเตอร์ (THW/NYY  มิเตอร์ 15(45)A ) รวมไม่เกิน 25 เมตร,10%,,"=IF(ISNUMBER(D179), D179*(1+C179), 0)",เมตร,350.00,80.00,"=IF(ISNUMBER(E179), E179*G179, 0)","=IF(ISNUMBER(E179), E179*H179, 0)","=IF(ISNUMBER(E179), I179+J179, 0)"
10,สายเมนเข้ามิเตอร์ (THW/NYY มิเตอร์ 30(100)A ) รวมไม่เกิน 25 เมตร,10%,,"=IF(ISNUMBER(D180), D180*(1+C180), 0)",เมตร,550.00,100.00,"=IF(ISNUMBER(E180), E180*G180, 0)","=IF(ISNUMBER(E180), E180*H180, 0)","=IF(ISNUMBER(E180), I180+J180, 0)"
11,สุขภัณฑ์แบบนั่งยอง,0%,,"=IF(ISNUMBER(D181), D181*(1+C181), 0)",ชุด,750.00,300.00,"=IF(ISNUMBER(E181), E181*G181, 0)","=IF(ISNUMBER(E181), E181*H181, 0)","=IF(ISNUMBER(E181), I181+J181, 0)"
11,สุขภัณฑ์แบบชิ้นเดียว (One Piece Toilet),0%,,"=IF(ISNUMBER(D182), D182*(1+C182), 0)",ชุด,6500.00,500.00,"=IF(ISNUMBER(E182), E182*G182, 0)","=IF(ISNUMBER(E182), E182*H182, 0)","=IF(ISNUMBER(E182), I182+J182, 0)"
11,สุขภัณฑ์แบบสองชิ้น (Two Piece Toilet / Close Coupled Toilet),0%,,"=IF(ISNUMBER(D183), D183*(1+C183), 0)",ชุด,8500.00,500.00,"=IF(ISNUMBER(E183), E183*G183, 0)","=IF(ISNUMBER(E183), E183*H183, 0)","=IF(ISNUMBER(E183), I183+J183, 0)"
11,สุขภัณฑ์แบบแขวนผนัง (Wall Hung Toilet),0%,,"=IF(ISNUMBER(D184), D184*(1+C184), 0)",ชุด,45000.00,1500.00,"=IF(ISNUMBER(E184), E184*G184, 0)","=IF(ISNUMBER(E184), E184*H184, 0)","=IF(ISNUMBER(E184), I184+J184, 0)"
11,สุขภัณฑ์แบบตั้งพื้น (Wall Faced Toilet),0%,,"=IF(ISNUMBER(D185), D185*(1+C185), 0)",ชุด,18500.00,1500.00,"=IF(ISNUMBER(E185), E185*G185, 0)","=IF(ISNUMBER(E185), E185*H185, 0)","=IF(ISNUMBER(E185), I185+J185, 0)"
11,สุขภัณฑ์แบบอัตโนมัติ (Smart Toilet / Automatic Toilet),0%,,"=IF(ISNUMBER(D186), D186*(1+C186), 0)",ชุด,19500.00,1500.00,"=IF(ISNUMBER(E186), E186*G186, 0)","=IF(ISNUMBER(E186), E186*H186, 0)","=IF(ISNUMBER(E186), I186+J186, 0)"
11,ฝักบัวสายอ่อน (Hand Shower),5%,,"=IF(ISNUMBER(D187), D187*(1+C187), 0)",ชุด,2250.00,500.00,"=IF(ISNUMBER(E187), E187*G187, 0)","=IF(ISNUMBER(E187), E187*H187, 0)","=IF(ISNUMBER(E187), I187+J187, 0)"
11,ฝักบัวสายอ่อน (Hand Shower)+ (Rain Shower),5%,,"=IF(ISNUMBER(D188), D188*(1+C188), 0)",ชุด,14500.00,1500.00,"=IF(ISNUMBER(E188), E188*G188, 0)","=IF(ISNUMBER(E188), E188*H188, 0)","=IF(ISNUMBER(E188), I188+J188, 0)"
11,อ่างล้างหน้าแบบแขวนผนัง (Wall-Hung Basin),0%,,"=IF(ISNUMBER(D189), D189*(1+C189), 0)",ชุด,2500.00,500.00,"=IF(ISNUMBER(E189), E189*G189, 0)","=IF(ISNUMBER(E189), E189*H189, 0)","=IF(ISNUMBER(E189), I189+J189, 0)"
11,อ่างล้างหน้าแบบตั้งบนเคาน์เตอร์ (Vessel / Countertop Basin),0%,,"=IF(ISNUMBER(D190), D190*(1+C190), 0)",ชุด,6000.00,500.00,"=IF(ISNUMBER(E190), E190*G190, 0)","=IF(ISNUMBER(E190), E190*H190, 0)","=IF(ISNUMBER(E190), I190+J190, 0)"
11,อ่างล้างหน้าแบบฝังใต้เคาน์เตอร์ (Undermount Basin),0%,,"=IF(ISNUMBER(D191), D191*(1+C191), 0)",ชุด,4000.00,500.00,"=IF(ISNUMBER(E191), E191*G191, 0)","=IF(ISNUMBER(E191), E191*H191, 0)","=IF(ISNUMBER(E191), I191+J191, 0)"
11,อ่างล้างหน้าแบบฝังบนเคาน์เตอร์ (Drop-in / Self-rimming Basin),0%,,"=IF(ISNUMBER(D192), D192*(1+C192), 0)",ชุด,5000.00,2000.00,"=IF(ISNUMBER(E192), E192*G192, 0)","=IF(ISNUMBER(E192), E192*H192, 0)","=IF(ISNUMBER(E192), I192+J192, 0)"
11,อ่างล้างหน้าแบบฝังครึ่งเคาน์เตอร์ (Semi-Recessed Basin),0%,,"=IF(ISNUMBER(D193), D193*(1+C193), 0)",ชุด,6500.00,2000.00,"=IF(ISNUMBER(E193), E193*G193, 0)","=IF(ISNUMBER(E193), E193*H193, 0)","=IF(ISNUMBER(E193), I193+J193, 0)"
11,อ่างล้างหน้าแบบมีขาตั้ง (Pedestal Basin),0%,,"=IF(ISNUMBER(D194), D194*(1+C194), 0)",ชุด,4500.00,500.00,"=IF(ISNUMBER(E194), E194*G194, 0)","=IF(ISNUMBER(E194), E194*H194, 0)","=IF(ISNUMBER(E194), I194+J194, 0)"
11,อ่างล้างหน้าแบบตั้งพื้น (Floor-standing / Free-standing),0%,,"=IF(ISNUMBER(D195), D195*(1+C195), 0)",ชุด,18000.00,500.00,"=IF(ISNUMBER(E195), E195*G195, 0)","=IF(ISNUMBER(E195), E195*H195, 0)","=IF(ISNUMBER(E195), I195+J195, 0)"
11,ที่วางสบู่ (เซรามิก/สแตนเลส),0%,,"=IF(ISNUMBER(D196), D196*(1+C196), 0)",ชุด,450.00,120.00,"=IF(ISNUMBER(E196), E196*G196, 0)","=IF(ISNUMBER(E196), E196*H196, 0)","=IF(ISNUMBER(E196), I196+J196, 0)"
11,สายฉีดชำระ (ครบชุดพร้อมสาย),0%,,"=IF(ISNUMBER(D197), D197*(1+C197), 0)",ชุด,650.00,120.00,"=IF(ISNUMBER(E197), E197*G197, 0)","=IF(ISNUMBER(E197), E197*H197, 0)","=IF(ISNUMBER(E197), I197+J197, 0)"
11,ที่ใส่กระดาษชำระ,0%,,"=IF(ISNUMBER(D198), D198*(1+C198), 0)",ชุด,1550.00,120.00,"=IF(ISNUMBER(E198), E198*G198, 0)","=IF(ISNUMBER(E198), E198*H198, 0)","=IF(ISNUMBER(E198), I198+J198, 0)"
11,ราวแขวนผ้า (สแตนเลส 304 ยาว 60 ซม.),0%,,"=IF(ISNUMBER(D199), D199*(1+C199), 0)",ชุด,1250.00,120.00,"=IF(ISNUMBER(E199), E199*G199, 0)","=IF(ISNUMBER(E199), E199*H199, 0)","=IF(ISNUMBER(E199), I199+J199, 0)"
11,ก๊อกน้ำติดอ่างล้างหน้า (ชุบโครเมียม),0%,,"=IF(ISNUMBER(D200), D200*(1+C200), 0)",ชุด,1250.00,30.00,"=IF(ISNUMBER(E200), E200*G200, 0)","=IF(ISNUMBER(E200), E200*H200, 0)","=IF(ISNUMBER(E200), I200+J200, 0)"
11,ก๊อกน้ำล้างพื้น COTTO (บอลวาล์ว/ก้านปัด),0%,,"=IF(ISNUMBER(D201), D201*(1+C201), 0)",ชุด,450.00,30.00,"=IF(ISNUMBER(E201), E201*G201, 0)","=IF(ISNUMBER(E201), E201*H201, 0)","=IF(ISNUMBER(E201), I201+J201, 0)"
11,กระจกเงา หนา 6 มม. (เจียรปรี/เข้ากรอบ),0%,,"=IF(ISNUMBER(D202), D202*(1+C202), 0)",ชุด,1850.00,200.00,"=IF(ISNUMBER(E202), E202*G202, 0)","=IF(ISNUMBER(E202), E202*H202, 0)","=IF(ISNUMBER(E202), I202+J202, 0)"
11,FD.ตะแกรงดักกลิ่น (สแตนเลสกันแมลง) น้ำทิ้ง,0%,,"=IF(ISNUMBER(D203), D203*(1+C203), 0)",ชุด,450.00,120.00,"=IF(ISNUMBER(E203), E203*G203, 0)","=IF(ISNUMBER(E203), E203*H203, 0)","=IF(ISNUMBER(E203), I203+J203, 0)"
11,Sub Drain ตะแกรงดักกลิ่น (สแตนเลสกันแมลง) น้ำทิ้ง,0%,,"=IF(ISNUMBER(D204), D204*(1+C204), 0)",ชุด,2550.00,1000.00,"=IF(ISNUMBER(E204), E204*G204, 0)","=IF(ISNUMBER(E204), E204*H204, 0)","=IF(ISNUMBER(E204), I204+J204, 0)"
12,"ถังบำบัดน้ำเสีย (1,000 ลิตร)",5%,,"=IF(ISNUMBER(D205), D205*(1+C205), 0)",ชุด,3800.00,3000.00,"=IF(ISNUMBER(E205), E205*G205, 0)","=IF(ISNUMBER(E205), E205*H205, 0)","=IF(ISNUMBER(E205), I205+J205, 0)"
12,"ถังบำบัดน้ำเสีย (1,600 ลิตร)",5%,,"=IF(ISNUMBER(D206), D206*(1+C206), 0)",ชุด,5500.00,3000.00,"=IF(ISNUMBER(E206), E206*G206, 0)","=IF(ISNUMBER(E206), E206*H206, 0)","=IF(ISNUMBER(E206), I206+J206, 0)"
12,ท่อ PVC 4 นิ้ว (ระบายส้วม/น้ำทิ้งหลัก) SCG Class 8.5,5%,,"=IF(ISNUMBER(D207), D207*(1+C207), 0)",เมตร,150.00,0.00,"=IF(ISNUMBER(E207), E207*G207, 0)","=IF(ISNUMBER(E207), E207*H207, 0)","=IF(ISNUMBER(E207), I207+J207, 0)"
12,ท่อ PVC 3 นิ้ว (น้ำทิ้ง/รางน้ำ) SCG SCG Class 8.5,5%,,"=IF(ISNUMBER(D208), D208*(1+C208), 0)",เมตร,100.00,0.00,"=IF(ISNUMBER(E208), E208*G208, 0)","=IF(ISNUMBER(E208), E208*H208, 0)","=IF(ISNUMBER(E208), I208+J208, 0)"
12,ท่อ PVC 2 นิ้ว (น้ำทิ้งอ่าง/พื้น) SCG SCG Class 8.5,0%,,"=IF(ISNUMBER(D209), D209*(1+C209), 0)",เมตร,65.00,0.00,"=IF(ISNUMBER(E209), E209*G209, 0)","=IF(ISNUMBER(E209), E209*H209, 0)","=IF(ISNUMBER(E209), I209+J209, 0)"
12,ท่อ PVC 3/4 นิ้ว (6 หุน) (ท่อน้ำประปา) SCG SCG Class 13.5,5%,,"=IF(ISNUMBER(D210), D210*(1+C210), 0)",เมตร,25.00,0.00,"=IF(ISNUMBER(E210), E210*G210, 0)","=IF(ISNUMBER(E210), E210*H210, 0)","=IF(ISNUMBER(E210), I210+J210, 0)"
12,"แทงค์น้ำ 1,000 ลิตร + ปั๊มน้ำ 200W ",0%,,"=IF(ISNUMBER(D211), D211*(1+C211), 0)",เหมา,9000.00,3500.00,"=IF(ISNUMBER(E211), E211*G211, 0)","=IF(ISNUMBER(E211), E211*H211, 0)","=IF(ISNUMBER(E211), I211+J211, 0)"
12,"แทงค์น้ำ 1,000 ลิตร + ปั๊มน้ำ 250W",0%,,"=IF(ISNUMBER(D212), D212*(1+C212), 0)",เหมา,10000.00,3500.00,"=IF(ISNUMBER(E212), E212*G212, 0)","=IF(ISNUMBER(E212), E212*H212, 0)","=IF(ISNUMBER(E212), I212+J212, 0)"
12,"แทงค์น้ำ 2,000 ลิตร + ปั๊มน้ำ 400W",0%,,"=IF(ISNUMBER(D213), D213*(1+C213), 0)",เหมา,14000.00,5500.00,"=IF(ISNUMBER(E213), E213*G213, 0)","=IF(ISNUMBER(E213), E213*H213, 0)","=IF(ISNUMBER(E213), I213+J213, 0)"
12,อุปกรณ์ต่อท่ออื่นๆ (ข้อต่อ/กาว/น้ำยา),0%,,"=IF(ISNUMBER(D214), D214*(1+C214), 0)",เหมา,0.00,3000.00,"=IF(ISNUMBER(E214), E214*G214, 0)","=IF(ISNUMBER(E214), E214*H214, 0)","=IF(ISNUMBER(E214), I214+J214, 0)"
12,บ่อพักสำเร็จรูป (คอนกรีต)+วางท่อระบายน้ำรอบบ้าน (รวมขุด/ฝัง),0%,,"=IF(ISNUMBER(D215), D215*(1+C215), 0)",เมตร,1450.00,450.00,"=IF(ISNUMBER(E215), E215*G215, 0)","=IF(ISNUMBER(E215), E215*H215, 0)","=IF(ISNUMBER(E215), I215+J215, 0)"
13,งานระบบกำจัดปลวก (อัดน้ำยาลงท่อ/ฉีดพ่น),0%,,"=IF(ISNUMBER(D216), D216*(1+C216), 0)",ตร.ม,145.00,35.00,"=IF(ISNUMBER(E216), E216*G216, 0)","=IF(ISNUMBER(E216), E216*H216, 0)","=IF(ISNUMBER(E216), I216+J216, 0)"
13,งานตกแต่งบล็อกช่องลม (รวมก่อ/ฉาบ/ทาสี),5%,,"=IF(ISNUMBER(D217), D217*(1+C217), 0)",เมตร,950.00,550.00,"=IF(ISNUMBER(E217), E217*G217, 0)","=IF(ISNUMBER(E217), E217*H217, 0)","=IF(ISNUMBER(E217), I217+J217, 0)"
13,ต่อเติมโรงรถ/หลังคาระเบียง (โครงเหล็ก+เมทัลชีท),5%,,"=IF(ISNUMBER(D218), D218*(1+C218), 0)",ตร.ม,2500.00,1000.00,"=IF(ISNUMBER(E218), E218*G218, 0)","=IF(ISNUMBER(E218), E218*H218, 0)","=IF(ISNUMBER(E218), I218+J218, 0)"
13,ตกแต่งหินหน้าเสาโชว์ (หินทราย/หินเทียม),0%,,"=IF(ISNUMBER(D219), D219*(1+C219), 0)",ต้น,3500.00,1500.00,"=IF(ISNUMBER(E219), E219*G219, 0)","=IF(ISNUMBER(E219), E219*H219, 0)","=IF(ISNUMBER(E219), I219+J219, 0)"
13,งานราวเหล็ก (Steel) แบบมาตรฐาน (ราวเหล็กทั่วไป),0%,,"=IF(ISNUMBER(D220), D220*(1+C220), 0)",เมตร,1800.00,750.00,"=IF(ISNUMBER(E220), E220*G220, 0)","=IF(ISNUMBER(E220), E220*H220, 0)","=IF(ISNUMBER(E220), I220+J220, 0)"
13,งานราวสแตนเลส (Stainless Steel) แบบท่อกลม/เหลี่ยมมาตรฐาน,0%,,"=IF(ISNUMBER(D221), D221*(1+C221), 0)",เมตร,3500.00,1500.00,"=IF(ISNUMBER(E221), E221*G221, 0)","=IF(ISNUMBER(E221), E221*H221, 0)","=IF(ISNUMBER(E221), I221+J221, 0)"
13,งานเคาน์เตอร์ครัว (ก่อปูน/กรุกระเบื้อง/ใส่บานซิงค์),5%,,"=IF(ISNUMBER(D222), D222*(1+C222), 0)",เมตร,3500.00,1500.00,"=IF(ISNUMBER(E222), E222*G222, 0)","=IF(ISNUMBER(E222), E222*H222, 0)","=IF(ISNUMBER(E222), I222+J222, 0)"
14,--- หมวดเพิ่มเติม (หมวด 14 งานระบบอื่นๆ) ---,0%,,"=IF(ISNUMBER(D223), D223*(1+C223), 0)",,0.00,0.00,"=IF(ISNUMBER(E223), E223*G223, 0)","=IF(ISNUMBER(E223), E223*H223, 0)","=IF(ISNUMBER(E223), I223+J223, 0)"
14,เครื่องปรับอากาศ (แอร์ 12000 BTU),0%,,"=IF(ISNUMBER(D224), D224*(1+C224), 0)",เครื่อง,12500.00,1500.00,"=IF(ISNUMBER(E224), E224*G224, 0)","=IF(ISNUMBER(E224), E224*H224, 0)","=IF(ISNUMBER(E224), I224+J224, 0)"
14,พัดลมดูดอากาศ (ฝังฝ้า/ติดผนัง),0%,,"=IF(ISNUMBER(D225), D225*(1+C225), 0)",ชุด,800.00,300.00,"=IF(ISNUMBER(E225), E225*G225, 0)","=IF(ISNUMBER(E225), E225*H225, 0)","=IF(ISNUMBER(E225), I225+J225, 0)"
14,อ่างล้างจาน (Sink สแตนเลส 1 หลุมพร้อมที่พัก),0%,,"=IF(ISNUMBER(D226), D226*(1+C226), 0)",ชุด,1800.00,500.00,"=IF(ISNUMBER(E226), E226*G226, 0)","=IF(ISNUMBER(E226), E226*H226, 0)","=IF(ISNUMBER(E226), I226+J226, 0)"
14,ก๊อกน้ำซิงค์ล้างจาน,0%,,"=IF(ISNUMBER(D227), D227*(1+C227), 0)",ชุด,850.00,150.00,"=IF(ISNUMBER(E227), E227*G227, 0)","=IF(ISNUMBER(E227), E227*H227, 0)","=IF(ISNUMBER(E227), I227+J227, 0)"
14,ตู้จดหมายและกริ่งหน้าบ้าน,0%,,"=IF(ISNUMBER(D228), D228*(1+C228), 0)",ชุด,1200.00,300.00,"=IF(ISNUMBER(E228), E228*G228, 0)","=IF(ISNUMBER(E228), E228*H228, 0)","=IF(ISNUMBER(E228), I228+J228, 0)"
15,--- หมวดเบ็ดเตล็ดและค่าดำเนินการ (หมวด 15) ---,0%,,"=IF(ISNUMBER(D229), D229*(1+C229), 0)",,0.00,0.00,"=IF(ISNUMBER(E229), E229*G229, 0)","=IF(ISNUMBER(E229), E229*H229, 0)","=IF(ISNUMBER(E229), I229+J229, 0)"
15,ค่าตั้งแคมป์คนงานและน้ำ-ไฟชั่วคราว,0%,,"=IF(ISNUMBER(D230), D230*(1+C230), 0)",เหมา,10000.00,0.00,"=IF(ISNUMBER(E230), E230*G230, 0)","=IF(ISNUMBER(E230), E230*H230, 0)","=IF(ISNUMBER(E230), I230+J230, 0)"
15,ค่าเก็บขยะและทำความสะอาดก่อนส่งมอบ,0%,,"=IF(ISNUMBER(D231), D231*(1+C231), 0)",เหมา,0.00,5000.00,"=IF(ISNUMBER(E231), E231*G231, 0)","=IF(ISNUMBER(E231), E231*H231, 0)","=IF(ISNUMBER(E231), I231+J231, 0)"
15,ค่าดำเนินการและกำไรผู้รับเหมา (Overhead & Profit 10%),,,,เหมา,0.00,0.00,,,=SUM(K2:K231)*0.1
